id,area_sqft,bedrooms,bathrooms,location_score,age_of_house,distance_city,price
1,517,10,10,8,51,70.03,919.88
2,1328,0,2,1,45,70.98,1863.42
3,5369,8,7,6,112,21.34,900.37
4,6021,5,1,7,109,99.56,432.7
5,1269,10,4,7,71,97.16,1924.83
6,7568,9,6,8,124,35.49,620.81
7,980,2,10,2,77,32.09,1087.36
8,2008,7,10,6,106,21.98,230.69
9,3142,10,10,7,65,50.74,336.94
10,7412,9,7,8,51,10.14,922.0
11,6880,1,1,3,119,6.74,1589.41
12,4931,0,10,8,67,97.3,1857.05
13,5882,1,9,7,59,39.62,1282.9
14,560,4,3,9,4,61.84,748.77
15,1784,9,7,1,57,7.68,650.93
16,7330,5,8,5,45,61.61,567.67
17,2238,9,3,2,33,96.43,1145.27
18,2809,4,0,7,12,12.47,1644.12
19,6391,3,8,8,75,12.47,1671.61
20,3659,6,10,3,124,90.17,852.82
21,2802,0,1,4,90,59.21,365.13
22,1568,6,8,3,10,5.23,98.68
23,3918,8,10,3,148,86.7,940.45
24,2772,9,7,4,77,52.19,1146.74
25,6119,2,1,6,43,20.84,215.29
26,6972,0,5,9,84,56.9,337.57
27,6541,7,8,8,137,9.56,144.07
28,6160,10,0,7,119,44.79,1042.05
29,4287,10,8,9,23,53.72,125.83
30,7725,9,8,8,70,16.46,1312.0
31,5010,2,6,9,141,32.62,109.89
32,1851,7,6,8,96,41.28,448.62
33,3292,3,4,5,137,29.25,765.43
34,7593,1,7,7,121,60.65,503.28
35,4453,8,8,6,135,68.47,730.88
36,2355,0,6,3,61,21.05,1431.93
37,7183,3,0,3,16,86.32,1546.07
38,6573,10,7,9,35,3.67,1574.4
39,4339,5,3,2,88,38.02,1159.48
40,4291,3,3,6,120,89.16,1645.68
41,2948,3,1,3,26,27.53,365.17
42,845,8,8,4,64,29.16,1841.02
43,7540,2,9,7,115,71.66,369.08
44,5177,3,7,10,112,23.95,1729.65
45,2055,3,5,5,11,20.56,557.56
46,4493,0,2,7,84,56.14,296.72
47,5547,8,9,9,125,20.35,262.97
48,3257,8,9,1,92,69.23,1124.68
49,7512,9,5,6,95,32.03,1433.27
50,2621,1,8,6,47,17.31,694.8
51,7813,8,7,8,56,10.66,349.04
52,3203,2,6,2,1,40.23,1575.36
53,3076,1,0,6,51,41.67,1003.36
54,5446,1,6,4,150,16.12,947.81
55,7700,10,10,5,125,90.82,1222.67
56,5903,7,10,2,83,70.71,722.98
57,2439,0,10,10,67,4.67,1645.67
58,452,2,8,1,106,44.62,978.29
59,3054,9,9,1,142,80.97,1733.51
60,7201,6,10,4,2,28.42,1437.69
61,1942,4,6,7,50,6.17,582.1
62,2076,10,1,5,88,35.99,970.15
63,2687,4,4,6,17,51.41,223.73
64,7696,2,8,10,34,83.55,1634.34
65,1707,1,9,10,31,52.09,55.27
66,3170,2,6,9,9,29.73,1664.4
67,6519,5,6,4,31,42.85,629.13
68,4589,5,10,9,5,6.97,829.69
69,816,4,9,7,139,74.3,1668.1
70,5953,10,7,2,39,2.06,106.54
71,3886,2,5,10,66,61.89,1899.1
72,2635,2,10,10,72,26.78,68.98
73,5806,3,5,7,7,3.62,940.56
74,2467,9,3,7,133,67.07,1495.19
75,2580,4,9,10,139,65.39,397.11
76,3121,4,6,8,29,36.98,214.01
77,5494,9,4,10,69,96.77,1716.69
78,7191,7,5,4,8,72.94,309.36
79,3045,3,2,3,53,10.71,1953.98
80,5192,7,1,9,0,92.94,859.43
81,2080,4,6,8,116,22.55,400.85
82,3493,6,1,3,145,84.82,785.09
83,766,9,7,1,130,25.18,1333.3
84,6199,8,3,3,2,8.38,197.91
85,6443,8,9,9,104,81.26,965.53
86,1774,3,8,4,42,40.68,506.56
87,1514,2,3,7,88,61.94,855.32
88,1718,3,10,6,97,36.28,197.61
89,5854,0,7,6,33,19.86,757.04
90,4896,3,9,2,47,90.72,50.18
91,1177,4,3,3,93,71.16,34.38
92,2534,7,10,3,50,43.0,605.41
93,6485,5,4,5,46,52.47,47.65
94,3591,2,9,2,50,56.94,1160.94
95,2672,8,9,2,63,6.69,525.29
96,4104,1,6,10,8,72.49,737.56
97,4521,10,1,8,13,6.89,1849.55
98,7878,8,5,3,140,91.3,851.36
99,2728,7,5,8,141,62.79,298.65
100,4843,7,4,6,143,60.74,1418.29
101,698,2,9,8,84,90.13,1131.84
102,5895,3,10,5,88,72.22,1334.24
103,4061,5,5,10,115,19.64,797.47
104,2948,2,3,4,113,55.7,877.86
105,3651,1,7,3,103,96.46,548.93
106,7549,3,9,10,82,27.33,935.71
107,3859,10,10,5,11,56.72,1845.18
108,5449,7,4,4,81,83.85,1930.27
109,3314,6,8,3,106,30.86,593.57
110,4753,1,9,4,87,56.18,208.56
111,1541,8,0,8,53,5.32,199.42
112,3940,7,3,9,120,97.95,219.32
113,5443,9,6,7,107,99.71,1123.04
114,2135,9,9,9,40,65.58,368.01
115,3327,9,3,4,43,22.65,107.96
116,4816,1,5,5,72,68.72,1747.66
117,2555,6,10,2,98,55.14,639.84
118,6506,8,3,10,41,40.95,281.37
119,1755,1,3,4,15,83.62,1718.75
120,3623,9,0,7,10,3.5,1917.55
121,6221,9,5,3,26,33.43,701.0
122,7279,2,0,2,24,82.91,193.44
123,5304,0,6,6,9,8.07,314.3
124,7763,0,8,7,81,13.16,882.49
125,3708,8,9,9,51,61.61,626.11
126,945,5,4,2,26,27.27,109.05
127,2603,9,3,4,121,66.48,1117.11
128,7354,5,6,1,79,80.11,1898.6
129,690,2,5,9,111,53.81,982.11
130,5378,2,10,6,31,31.25,781.44
131,4633,3,7,2,114,14.4,1090.83
132,2853,10,9,4,115,70.46,85.82
133,2827,1,2,5,35,66.82,901.75
134,3846,3,9,3,114,29.64,548.09
135,4227,0,2,3,61,8.44,1629.4
136,3003,10,7,5,146,29.79,126.76
137,2724,5,7,3,41,33.98,120.81
138,314,3,1,1,122,68.35,1954.2
139,6535,5,6,10,55,13.25,718.41
140,1816,2,1,9,57,15.66,1421.14
141,4692,2,1,2,80,13.46,779.65
142,855,5,3,4,87,29.18,760.68
143,585,2,3,5,85,29.25,1464.7
144,6587,0,7,3,63,72.26,1819.28
145,6445,0,8,7,116,91.59,796.59
146,5672,1,7,6,92,46.46,67.07
147,4231,8,8,4,4,33.22,1621.16
148,4673,7,9,6,13,68.3,404.23
149,1912,3,7,8,45,76.88,708.88
150,2198,4,0,4,59,25.59,1169.07
151,3929,4,7,5,56,3.72,54.36
152,2632,10,4,3,43,69.0,494.35
153,618,1,10,7,73,7.29,501.25
154,1033,8,1,5,4,31.68,1114.65
155,5157,10,5,5,1,13.2,496.18
156,3089,9,8,5,19,68.55,189.1
157,6512,9,6,2,46,86.86,875.52
158,6923,7,2,10,93,89.34,1272.2
159,6557,9,2,5,72,36.17,984.67
160,5767,2,7,1,120,72.25,1996.36
161,2253,8,9,6,98,6.18,383.26
162,516,6,9,7,116,27.05,475.91
163,2584,4,1,6,42,48.01,420.73
164,2464,9,6,9,133,40.08,1191.62
165,3474,9,1,9,45,71.12,288.9
166,3130,1,6,4,110,96.82,1994.3
167,7837,5,7,7,117,43.82,1765.06
168,1517,0,10,10,98,89.05,431.42
169,7546,5,7,3,54,73.22,1966.57
170,4211,7,1,3,3,62.86,1375.14
171,5416,3,10,2,75,29.13,442.31
172,1541,8,9,8,70,11.68,942.16
173,4436,1,1,7,2,57.37,726.03
174,2457,7,0,10,115,81.15,1631.51
175,6312,2,1,9,91,50.76,239.88
176,7260,4,9,6,84,72.14,1911.62
177,7675,1,5,1,105,42.3,1321.3
178,6346,4,0,7,6,8.0,860.44
179,6079,2,3,3,52,49.03,1506.94
180,3294,5,9,4,108,26.03,715.8
181,5908,5,4,2,40,48.56,628.66
182,1131,5,9,6,40,63.62,1045.42
183,1158,5,4,4,144,36.33,632.82
184,6653,2,4,4,96,72.01,1704.11
185,3127,7,5,10,96,76.25,197.71
186,1185,7,7,7,34,8.4,608.97
187,2686,5,5,1,93,8.71,210.65
188,5741,2,2,10,83,21.48,1787.44
189,4710,9,10,10,121,65.31,1536.77
190,5145,3,9,3,44,34.69,157.33
191,3464,6,1,8,48,22.45,1338.67
192,6654,4,4,8,50,43.2,996.24
193,7112,10,6,2,68,43.71,1364.14
194,3853,6,5,6,9,85.19,1143.24
195,3856,6,5,5,126,15.07,252.33
196,1552,3,0,6,46,78.05,1711.88
197,3796,9,3,5,51,18.54,106.63
198,7131,7,6,9,57,72.25,225.5
199,6401,8,3,4,17,97.71,1360.67
200,7362,1,3,1,60,98.31,1665.22
201,1675,7,8,7,91,46.37,1596.31
202,7114,6,7,5,61,88.32,1865.59
203,5805,5,7,9,51,96.12,541.17
204,4295,8,10,10,13,47.36,208.44
205,5863,10,0,2,7,35.31,1117.43
206,5064,7,1,5,107,40.19,462.64
207,3393,8,4,9,38,16.46,96.81
208,7448,9,4,3,116,97.45,599.94
209,6171,10,8,9,124,84.11,1959.02
210,7031,8,8,6,141,33.1,1747.23
211,4137,6,5,1,46,72.92,8.24
212,746,5,4,2,111,32.03,141.28
213,2692,1,4,9,109,63.06,266.72
214,973,4,2,4,131,77.11,660.88
215,1750,3,8,1,7,40.32,1287.46
216,6294,3,2,7,76,92.53,1620.98
217,1823,7,10,4,12,8.62,212.69
218,5814,4,4,8,66,18.16,1007.24
219,7570,6,1,1,146,39.45,1715.33
220,6204,1,0,9,106,88.64,463.92
221,7231,9,1,8,55,62.03,1092.62
222,6173,4,3,1,67,76.21,1978.01
223,6259,0,7,5,2,95.94,623.59
224,2930,0,9,10,97,23.66,47.12
225,7127,10,0,5,66,53.08,373.06
226,1145,3,5,1,147,98.69,145.38
227,5884,10,1,4,134,15.84,635.62
228,1145,1,0,6,45,27.52,1390.33
229,5010,5,0,1,128,68.17,161.3
230,2900,3,2,4,103,46.68,125.48
231,4934,10,4,4,99,18.83,1965.33
232,1208,7,2,10,95,72.78,759.06
233,5299,5,4,5,138,82.67,272.67
234,3284,3,2,8,112,84.12,341.47
235,7169,6,10,5,5,89.26,325.15
236,2271,4,0,3,23,19.35,493.24
237,3367,10,9,2,74,71.14,1549.9
238,5707,1,8,8,28,85.44,131.2
239,2233,3,7,2,43,23.58,1896.29
240,2590,6,0,4,8,9.87,780.29
241,2241,5,6,9,149,39.78,611.35
242,3788,8,6,1,10,1.33,319.81
243,2822,10,4,9,85,81.18,825.05
244,6305,4,3,3,59,23.53,1839.84
245,4086,0,1,8,117,55.76,621.13
246,7172,4,7,1,67,74.57,1051.27
247,3613,9,2,10,74,48.66,1118.43
248,6705,3,6,5,95,83.24,1333.97
249,332,6,0,3,61,18.85,714.67
250,7153,6,9,7,14,96.05,772.57
251,1167,4,9,2,62,56.89,174.42
252,2156,5,9,1,133,91.18,31.13
253,4961,5,5,7,132,68.74,637.13
254,6433,9,4,1,30,36.99,249.39
255,1925,4,10,7,1,37.81,53.36
256,4021,1,8,6,34,71.7,436.43
257,3261,9,1,5,120,91.81,625.12
258,2174,7,6,8,21,84.44,757.06
259,7527,8,2,4,107,2.61,1851.17
260,7779,4,4,7,84,55.45,803.9
261,7032,4,6,8,39,48.11,1780.2
262,6290,3,6,10,10,3.78,1104.79
263,5617,1,0,9,72,62.72,755.55
264,7620,8,4,6,41,53.15,1287.81
265,4307,10,8,1,115,32.73,1866.92
266,1337,2,8,5,45,24.84,1462.62
267,2236,6,9,10,54,18.6,328.16
268,2574,0,4,7,88,76.83,578.53
269,3280,8,8,5,47,74.86,251.32
270,5438,4,2,5,100,76.15,1815.23
271,6021,1,3,8,35,43.88,105.52
272,4119,9,2,10,110,8.4,878.08
273,4625,6,10,10,121,56.58,817.69
274,2023,2,4,6,131,92.97,365.7
275,6025,5,8,2,50,60.87,842.54
276,1459,9,5,5,0,48.59,1222.54
277,2345,3,8,4,75,41.77,1456.77
278,606,7,8,9,137,67.35,460.03
279,1202,5,5,2,22,12.67,1000.34
280,4290,5,8,7,61,50.69,848.58
281,3909,3,1,2,85,94.14,1988.76
282,7098,2,9,1,54,96.46,1998.74
283,4095,1,5,2,64,28.67,1737.0
284,7698,4,8,8,51,28.17,37.15
285,1576,8,1,2,110,11.45,458.58
286,2874,5,8,9,145,36.94,568.19
287,5200,8,1,3,119,60.11,954.1
288,3862,3,1,5,123,60.55,1839.7
289,1106,6,2,9,148,53.17,1023.76
290,3862,4,4,10,128,98.12,656.38
291,2652,3,10,6,16,49.64,1427.98
292,6494,2,1,5,72,82.61,292.21
293,6203,6,7,1,52,17.6,1607.85
294,1930,4,3,2,77,84.97,824.04
295,1599,5,3,6,47,95.36,801.25
296,3334,0,1,10,86,87.3,965.85
297,2470,2,7,9,123,7.27,365.88
298,5498,1,6,7,78,98.86,1219.95
299,6293,2,3,6,80,81.04,1992.24
300,2034,3,9,10,2,63.84,187.83
301,3048,7,6,8,139,91.24,1270.71
302,495,10,0,4,110,65.45,30.71
303,3573,9,0,9,56,48.26,791.23
304,5108,0,1,6,29,39.05,1924.5
305,753,7,8,1,94,51.45,1581.25
306,6711,8,7,2,125,50.04,1568.85
307,4240,10,5,9,117,19.09,315.91
308,3614,7,6,9,46,59.85,250.62
309,4297,8,3,1,138,24.65,1467.84
310,1704,1,1,5,23,7.66,20.97
311,1255,8,9,6,113,95.05,371.69
312,3278,3,10,9,71,84.65,419.9
313,3881,4,8,7,110,30.22,1715.88
314,1583,0,3,10,17,41.56,1381.49
315,1687,6,5,7,96,57.03,422.89
316,2060,9,5,9,81,92.93,159.95
317,3116,9,7,6,17,5.37,1195.12
318,7566,1,5,5,132,32.11,49.04
319,3766,10,8,2,114,46.75,1524.12
320,1099,7,7,10,76,86.59,1919.45
321,1399,6,1,10,118,46.61,798.66
322,6098,10,3,3,53,14.67,71.74
323,3923,5,8,7,51,48.37,177.49
324,7400,8,10,5,38,56.85,191.58
325,2835,2,4,3,30,63.88,17.7
326,6936,4,10,2,98,64.88,1725.39
327,7690,1,10,10,65,31.62,989.77
328,1821,10,9,1,91,17.61,1361.4
329,6397,8,5,10,108,4.04,426.5
330,4452,3,3,7,4,58.48,1714.16
331,7234,10,7,9,88,82.5,1608.46
332,7625,5,6,7,78,1.0,1324.38
333,7743,5,5,7,37,98.13,1709.13
334,7189,2,2,5,79,86.86,1068.58
335,682,9,7,5,90,40.37,1846.59
336,6754,0,0,6,144,54.96,1620.41
337,7604,10,10,8,118,50.41,117.7
338,6857,8,0,8,79,85.09,101.04
339,7965,0,6,3,63,99.47,468.77
340,3268,5,0,3,127,53.54,47.0
341,6193,0,2,1,14,40.69,579.17
342,1494,4,5,6,67,99.96,304.34
343,4448,8,9,4,101,16.91,22.23
344,4784,1,10,9,38,30.76,1898.89
345,6325,7,2,4,6,28.69,742.72
346,4422,0,6,5,38,46.82,107.07
347,643,1,4,1,110,0.89,986.94
348,5080,4,7,7,45,59.03,1932.4
349,4087,4,0,10,65,90.3,930.9
350,6186,0,6,7,51,81.02,509.6
351,4309,8,8,4,46,26.35,1156.46
352,2901,0,7,5,32,14.98,285.74
353,2019,0,0,10,96,94.25,458.5
354,5872,1,7,1,144,73.02,1578.49
355,4043,3,9,1,128,84.4,840.24
356,4402,4,1,6,82,32.18,245.56
357,1467,8,7,2,133,2.9,292.29
358,760,5,2,7,108,85.22,957.4
359,6179,1,3,3,147,88.63,600.44
360,6529,8,0,2,95,63.34,1958.21
361,5975,5,5,10,134,58.62,1962.27
362,1998,2,7,6,122,86.95,1591.8
363,1947,5,0,8,96,7.05,116.93
364,2145,3,7,10,111,86.19,1958.43
365,4601,4,2,4,61,77.6,1285.28
366,1427,10,5,2,18,69.06,1733.3
367,7096,1,2,5,23,11.26,514.75
368,6278,8,9,3,85,91.85,1623.59
369,5569,2,7,5,96,20.97,6.25
370,6101,10,3,9,17,79.18,439.25
371,5018,4,6,1,91,94.54,1542.08
372,6023,5,10,8,76,79.13,529.1
373,4085,5,8,1,146,94.65,359.39
374,5984,8,3,3,148,5.06,1968.08
375,7217,5,5,7,3,30.63,1560.49
376,5273,1,1,5,149,3.86,190.13
377,3672,7,7,9,118,84.32,272.12
378,7886,0,1,5,81,85.27,26.88
379,4894,7,5,7,55,11.6,193.1
380,4220,4,6,10,95,49.6,1230.36
381,645,4,1,4,72,23.04,289.58
382,2973,10,2,1,129,45.31,130.86
383,7631,1,7,10,43,24.57,1911.69
384,7070,9,3,1,36,24.99,1812.11
385,7270,2,5,6,30,65.94,398.71
386,7811,10,2,6,150,43.62,1480.14
387,1611,2,0,5,20,82.92,1665.14
388,2939,4,3,3,37,16.84,1175.43
389,4638,5,0,10,89,46.46,610.42
390,3932,9,7,2,90,28.18,1724.61
391,6654,6,9,3,81,67.55,380.19
392,7405,4,3,6,80,71.59,661.83
393,4124,4,10,1,41,92.97,1300.44
394,5039,0,1,9,16,7.66,838.49
395,7028,4,4,8,129,11.94,744.8
396,3020,4,4,8,25,33.68,307.95
397,6917,2,4,6,105,99.67,58.58
398,3223,6,2,1,31,17.83,1183.8
399,6881,0,2,5,124,58.14,1682.12
400,4828,10,2,7,94,43.95,89.21
401,1977,8,3,4,140,23.46,1388.96
402,5335,1,6,8,108,75.19,1351.97
403,1352,9,10,1,74,62.0,1655.12
404,2566,7,7,1,68,51.5,899.84
405,4143,3,9,8,91,49.51,1071.82
406,6766,9,6,9,63,9.29,548.86
407,3426,8,5,10,128,9.75,698.51
408,312,3,5,2,117,47.17,1815.73
409,5588,4,4,8,134,12.84,281.89
410,4293,4,10,2,143,78.87,1564.95
411,513,10,1,1,58,91.73,102.65
412,7318,2,6,9,73,66.26,692.93
413,7359,1,9,7,7,65.29,223.21
414,1464,6,0,4,131,71.26,178.62
415,4066,10,8,2,18,94.72,373.5
416,2602,10,5,9,3,22.39,1002.86
417,3868,0,0,4,71,41.59,698.64
418,7573,0,7,4,4,27.12,457.88
419,6598,5,4,8,90,50.56,785.65
420,3396,6,6,1,130,97.35,796.33
421,1529,7,9,4,80,19.93,1409.03
422,1238,3,7,6,97,82.45,1238.55
423,584,3,9,2,132,11.94,1541.12
424,4437,7,10,1,3,3.02,1126.3
425,5507,6,5,3,128,67.32,132.27
426,3542,9,1,9,65,50.9,1051.23
427,6722,7,3,1,138,49.51,1832.06
428,3968,1,2,4,127,45.38,1936.73
429,5728,1,7,9,31,93.96,265.2
430,2363,2,6,10,81,52.46,242.48
431,3635,10,9,9,142,19.43,1387.26
432,437,1,4,5,112,76.02,485.42
433,787,8,4,5,99,96.91,85.3
434,5242,7,9,8,120,40.3,1004.17
435,1607,5,0,4,97,21.46,770.6
436,3425,1,4,9,106,91.89,1565.34
437,3501,10,9,10,62,81.96,250.72
438,2409,2,3,5,39,39.68,1372.35
439,1118,2,9,2,71,13.4,1740.69
440,408,2,6,3,29,27.96,1415.72
441,3391,3,4,9,50,16.67,1492.54
442,6991,4,4,9,147,9.45,1187.1
443,7414,4,10,2,79,93.32,1076.02
444,6107,4,8,9,60,6.97,1953.66
445,6393,5,6,9,148,11.7,1772.33
446,6897,5,0,2,71,56.88,748.02
447,1108,2,1,7,128,36.44,236.89
448,1579,4,4,1,124,33.93,388.5
449,7910,9,3,1,128,60.61,190.91
450,1782,1,6,9,75,32.52,60.77
451,2675,9,0,8,123,93.07,219.2
452,2613,6,9,7,115,60.77,200.3
453,1108,7,3,7,133,56.57,1396.28
454,4328,7,3,10,86,72.81,695.6
455,6988,9,2,8,97,23.89,638.87
456,5659,2,1,1,4,93.27,1359.75
457,6097,3,1,4,113,48.33,761.92
458,6905,1,5,8,108,45.08,1999.41
459,3526,3,5,1,8,47.83,1936.87
460,1191,8,0,6,44,56.11,483.07
461,1163,1,7,10,13,84.03,485.74
462,2154,6,3,7,90,18.68,1716.19
463,7831,7,10,1,36,30.52,1740.47
464,419,3,9,1,38,98.81,639.35
465,4311,1,5,6,60,36.29,1018.17
466,1136,2,5,3,143,27.31,804.06
467,1652,7,4,2,65,11.82,1575.32
468,1497,5,5,8,115,10.9,102.72
469,3347,9,7,3,122,38.81,417.19
470,5804,1,8,5,139,32.27,1651.78
471,7126,2,9,2,12,98.19,120.42
472,1876,7,2,5,97,3.07,1960.31
473,3615,3,8,7,68,26.01,1843.97
474,1566,1,4,6,87,1.57,1904.24
475,4071,4,5,8,24,73.46,1598.88
476,4808,7,6,9,138,5.32,450.53
477,4387,6,5,8,72,25.48,1463.75
478,4355,7,5,2,69,59.76,569.51
479,6479,5,7,2,26,64.12,1601.61
480,1854,3,3,5,140,21.87,43.05
481,1920,10,10,4,39,43.07,1704.42
482,5361,6,1,9,23,67.18,1537.25
483,4268,8,1,8,6,45.56,223.77
484,2782,3,2,7,60,50.88,1468.96
485,7067,5,5,9,146,44.91,1676.01
486,1043,6,4,5,134,87.42,1067.44
487,3524,7,1,10,131,99.9,530.49
488,7769,8,3,8,51,42.56,1588.91
489,6636,1,9,2,126,0.48,836.51
490,1603,3,1,2,46,92.97,763.52
491,7602,7,9,7,114,87.53,1283.88
492,4623,2,0,1,143,78.64,569.35
493,3710,8,10,10,143,28.77,1939.95
494,6722,0,1,1,86,93.97,1647.3
495,6208,10,4,8,134,39.27,1664.38
496,7096,5,5,7,68,17.49,1137.64
497,5343,3,7,8,136,27.37,487.26
498,5928,1,5,10,4,88.75,513.71
499,4742,0,3,1,18,37.78,1336.39
500,460,7,5,2,141,0.01,93.16
501,7903,4,7,8,19,91.47,1978.0
502,4578,0,2,7,93,44.05,1293.51
503,6541,4,6,9,96,5.53,1672.58
504,2966,3,9,2,88,7.18,971.69
505,6488,6,7,5,83,66.13,361.62
506,1762,2,0,5,23,41.13,1927.07
507,6634,5,3,3,58,58.74,1416.19
508,4025,1,7,4,129,59.35,782.17
509,3880,8,3,2,106,69.69,1758.29
510,4530,6,9,2,38,65.71,716.75
511,1826,5,7,6,42,17.7,1666.13
512,7405,7,4,4,134,17.51,1834.45
513,611,1,5,10,109,82.77,1771.15
514,4621,4,9,7,88,98.35,396.85
515,3116,9,7,6,92,31.08,419.97
516,314,3,8,5,136,12.43,1862.43
517,4567,2,6,9,14,2.03,867.67
518,7322,6,2,9,144,39.78,745.29
519,3350,7,6,4,131,28.23,391.39
520,5801,10,7,1,103,71.34,645.57
521,2657,6,8,5,46,92.23,1390.25
522,4778,5,0,6,56,26.28,84.69
523,2133,0,5,10,95,80.98,413.59
524,3968,10,9,8,132,46.07,1638.32
525,2491,0,1,4,13,78.98,1854.82
526,3440,8,6,8,144,38.27,284.11
527,742,10,1,7,90,92.51,219.73
528,6584,3,5,5,114,39.41,1587.71
529,4869,6,3,1,35,73.0,1908.44
530,697,9,7,7,89,1.9,256.29
531,6435,1,6,3,120,72.74,1536.18
532,5464,0,1,3,19,66.51,1833.8
533,4830,9,8,7,72,80.13,89.9
534,4735,2,10,5,142,0.57,1931.63
535,4108,6,10,4,53,77.79,1376.47
536,4706,1,9,4,23,36.3,567.11
537,3324,3,2,2,136,84.75,631.26
538,5045,7,1,5,24,15.11,1511.18
539,576,0,8,10,21,0.13,1943.09
540,6841,2,10,5,99,56.34,462.57
541,7238,5,7,8,117,61.08,761.13
542,7904,9,6,9,43,90.34,257.06
543,3701,9,5,8,50,77.04,1848.34
544,5277,8,0,9,18,54.88,1494.58
545,2550,6,1,8,139,16.51,694.31
546,2061,10,2,4,47,67.64,787.22
547,6181,8,3,9,28,97.06,482.85
548,3660,0,1,3,39,63.58,1330.95
549,866,9,7,9,19,45.36,671.25
550,6495,8,2,2,113,44.19,1721.32
551,1848,9,10,5,120,21.89,518.64
552,3209,10,2,8,24,94.02,630.86
553,1250,10,9,9,1,74.92,1585.6
554,7394,1,4,2,64,61.31,1804.38
555,6574,5,3,3,28,40.97,1700.77
556,6457,9,4,6,64,31.14,852.44
557,1918,9,0,2,31,61.79,173.16
558,1709,8,0,9,100,59.51,1699.57
559,6823,7,1,7,149,86.86,10.71
560,4138,6,4,3,59,17.66,428.89
561,7489,0,1,5,104,73.2,886.34
562,7230,0,10,3,149,72.5,644.18
563,3044,2,0,5,113,11.38,617.5
564,7477,0,9,7,121,23.17,1931.19
565,2360,2,9,5,74,42.34,1170.56
566,3343,2,7,1,102,85.88,1980.11
567,7843,3,1,4,37,10.27,1317.82
568,5264,1,6,1,22,48.05,1685.05
569,640,7,3,8,57,16.14,946.97
570,358,8,0,3,93,35.5,511.97
571,6977,0,2,5,9,33.49,1922.33
572,5324,0,10,8,71,49.88,983.29
573,455,10,8,9,89,39.93,841.18
574,6298,2,5,5,137,17.32,1645.01
575,6281,6,2,4,61,93.49,437.53
576,5487,7,4,10,51,31.47,1799.64
577,3397,4,6,3,0,83.87,939.74
578,4855,5,9,4,69,42.28,581.0
579,6925,6,8,10,15,24.45,1536.68
580,5810,1,0,8,27,82.45,1706.58
581,2830,0,6,2,66,90.4,778.31
582,6004,3,10,9,141,23.67,574.36
583,2395,5,10,10,87,27.26,1789.55
584,7373,9,5,5,17,44.74,1106.49
585,5723,0,7,9,25,99.81,8.05
586,369,9,4,7,115,63.44,1374.92
587,3472,6,4,3,25,79.61,910.44
588,7050,1,3,7,32,2.14,1675.99
589,498,0,4,3,22,93.06,312.33
590,4957,7,7,4,108,86.77,448.83
591,6459,6,5,7,12,87.32,1795.09
592,5522,6,7,4,63,42.03,1408.78
593,586,8,3,9,67,74.79,725.8
594,6954,6,6,3,139,80.61,44.33
595,2454,10,7,3,106,49.0,665.98
596,6257,3,3,2,19,57.89,1788.6
597,400,6,5,3,17,30.52,1169.07
598,3645,10,3,7,19,16.77,1668.64
599,2400,0,3,10,121,38.66,1365.37
600,1473,2,9,8,149,34.54,1696.02
601,7385,3,6,5,132,79.9,1390.19
602,2757,2,10,4,89,37.29,684.58
603,4436,7,10,9,11,40.81,1671.12
604,1054,10,6,3,100,14.49,1669.5
605,3749,5,10,2,143,46.29,753.06
606,5472,0,4,6,148,90.39,1679.74
607,4270,4,8,2,32,47.26,1264.6
608,1663,6,0,10,47,55.4,1345.43
609,2530,7,5,7,148,48.02,1200.87
610,5148,5,5,1,87,14.82,1291.1
611,954,2,9,6,32,61.68,56.77
612,6430,0,5,1,106,76.95,1933.45
613,6379,0,7,7,18,57.05,28.53
614,6627,6,1,3,25,14.46,1390.75
615,4212,4,5,1,31,67.64,646.89
616,710,5,4,9,73,86.06,1001.2
617,4008,5,9,7,22,4.53,420.36
618,1241,8,8,3,137,46.95,589.96
619,1298,4,5,10,142,57.5,212.76
620,4190,8,9,3,130,61.7,490.05
621,6678,2,6,7,55,97.49,1210.23
622,6842,10,6,10,23,34.29,1268.68
623,500,0,2,10,119,37.38,1749.46
624,7736,0,0,9,81,79.3,1281.97
625,5435,8,0,6,13,29.92,1423.39
626,1152,2,8,5,113,72.12,844.01
627,4633,9,2,5,15,59.65,1990.76
628,5964,10,1,10,143,86.1,775.48
629,3668,5,10,2,5,27.88,1231.31
630,2793,1,1,3,105,19.53,223.72
631,3803,5,9,7,34,94.91,1825.32
632,3318,9,1,10,54,88.03,1538.83
633,377,2,7,8,5,72.93,253.81
634,6669,2,8,2,145,37.08,585.91
635,4740,6,7,9,8,9.62,785.54
636,7684,0,9,1,36,91.76,260.1
637,6939,6,9,9,52,69.27,1673.21
638,2006,3,3,1,3,24.68,299.47
639,5219,8,10,6,80,31.38,687.09
640,920,6,8,5,89,77.14,1772.78
641,1237,8,8,4,33,45.18,1368.45
642,6602,7,8,4,32,48.04,810.66
643,580,1,0,7,52,86.52,1806.84
644,3476,8,6,9,70,74.17,1285.66
645,2822,6,0,2,145,7.23,381.38
646,6213,7,9,6,68,53.48,1876.5
647,4065,6,10,8,72,43.28,1231.07
648,3232,3,3,5,50,35.94,572.41
649,1187,9,7,9,120,18.5,745.02
650,7609,4,5,5,4,94.05,1379.1
651,5953,0,3,4,3,16.06,276.98
652,2538,10,10,9,34,65.77,1954.29
653,4050,4,3,6,146,60.46,480.82
654,2055,8,1,3,13,35.61,1037.47
655,6281,9,2,8,23,79.22,1154.44
656,4997,5,9,3,100,10.16,187.7
657,6087,1,0,1,45,58.63,1347.81
658,5217,7,7,4,29,93.95,1805.34
659,7499,8,6,8,44,34.7,1193.34
660,4266,3,3,10,42,17.47,1392.15
661,6711,3,1,1,17,87.26,226.66
662,2866,1,4,3,9,40.75,1129.56
663,5698,1,7,3,46,31.55,795.29
664,6595,7,3,10,31,20.06,739.68
665,6230,8,3,10,109,23.8,740.5
666,5467,3,7,7,15,20.97,783.09
667,4300,0,10,8,60,78.19,324.32
668,1260,9,5,9,61,82.92,967.65
669,2471,1,8,3,142,23.68,942.26
670,7355,3,4,8,115,20.26,369.37
671,1033,5,7,8,119,92.27,1263.46
672,526,0,1,2,117,21.03,1482.49
673,7329,7,1,3,61,82.17,195.19
674,1330,2,7,1,39,60.31,379.38
675,6486,0,9,4,93,90.47,1562.82
676,855,5,2,4,97,86.37,683.32
677,2682,0,7,2,33,22.82,1059.69
678,4997,6,2,2,45,45.51,1860.68
679,6464,4,6,10,125,10.58,354.77
680,5564,0,3,1,118,37.42,1442.05
681,1764,7,3,8,31,46.4,1804.98
682,1681,7,0,10,25,35.32,1047.25
683,7757,10,3,7,138,77.26,122.79
684,1496,7,3,9,63,54.41,1704.49
685,4970,6,3,7,30,41.58,1210.47
686,2741,4,3,5,56,52.17,1630.93
687,5006,0,5,6,20,78.56,504.64
688,4769,7,3,1,27,91.28,1029.57
689,1390,8,3,6,69,55.21,546.09
690,2765,3,1,10,41,5.87,1409.02
691,5976,7,0,6,61,14.08,467.59
692,4661,7,10,6,138,12.83,1399.11
693,1571,4,1,9,124,97.62,1105.06
694,7492,10,9,8,42,12.59,1276.87
695,6021,4,0,4,39,37.76,1771.9
696,3742,5,5,3,118,27.8,409.53
697,7315,6,0,2,22,14.5,1672.76
698,6125,7,10,3,33,87.77,1925.93
699,7347,1,8,3,130,85.54,399.19
700,3152,9,10,9,124,86.84,1344.49
701,7200,4,5,4,144,78.93,556.77
702,6546,5,3,3,92,28.21,1080.48
703,1292,9,6,4,8,58.73,83.8
704,6343,9,9,4,47,4.73,1653.3
705,3338,10,2,1,149,39.69,805.54
706,4536,9,2,8,122,84.19,1727.83
707,2915,9,4,9,78,19.79,1616.33
708,7359,7,6,10,110,53.09,334.09
709,1592,7,7,8,133,46.33,1782.63
710,3214,9,6,3,51,88.28,1916.27
711,5338,10,1,8,142,66.36,1594.87
712,5882,9,7,1,37,21.7,1642.2
713,5677,10,2,1,22,97.07,257.0
714,4339,4,1,3,90,31.27,117.17
715,1451,0,3,9,4,90.85,1941.7
716,2998,7,7,4,62,13.39,38.54
717,3720,4,6,8,108,6.76,1037.94
718,2481,6,8,4,65,69.98,1694.92
719,732,7,10,6,78,68.27,1146.77
720,4925,7,5,10,5,52.81,663.52
721,6101,6,6,3,37,87.04,1827.98
722,7434,0,7,8,23,36.97,1134.06
723,3356,1,2,3,107,77.04,1297.29
724,7768,9,3,9,79,27.29,792.81
725,7487,10,2,2,36,48.54,918.37
726,3173,5,5,7,101,92.44,1176.89
727,4986,10,2,9,135,88.44,1928.82
728,506,6,1,1,128,42.48,1767.57
729,5468,0,10,6,79,71.1,1161.98
730,4754,5,8,6,107,10.82,1451.19
731,4105,9,10,6,49,81.09,1404.49
732,742,10,1,8,42,43.56,1655.46
733,6237,5,3,4,125,40.55,668.75
734,4978,1,6,10,34,7.62,744.07
735,4459,7,7,1,8,51.27,1701.14
736,3310,10,3,1,29,8.24,92.04
737,6337,2,8,7,53,5.6,620.0
738,1297,9,4,3,124,21.66,1064.73
739,4859,1,0,7,60,27.76,533.42
740,2550,0,0,1,11,28.83,1885.54
741,1150,8,1,4,134,87.5,1047.28
742,695,10,1,1,93,10.61,1492.23
743,570,2,7,6,82,85.35,220.15
744,698,2,2,10,24,3.82,1930.87
745,1032,2,0,7,140,67.67,1207.69
746,365,1,7,7,140,46.96,731.43
747,6755,3,4,7,47,14.89,1732.09
748,6127,9,8,7,89,10.41,1748.85
749,6047,7,7,5,5,87.1,1047.78
750,6450,6,0,8,46,75.31,494.34
751,4790,7,1,4,144,0.86,972.11
752,4567,8,9,5,19,78.28,821.88
753,1796,1,7,1,144,24.6,1177.76
754,2716,5,10,7,107,5.58,988.47
755,4157,2,4,9,121,50.56,1530.44
756,7776,10,1,6,87,47.77,541.5
757,2734,7,5,7,8,86.44,452.52
758,5250,0,1,10,137,94.97,324.12
759,3676,10,7,8,17,58.88,915.52
760,2733,10,7,5,143,0.39,664.15
761,3366,1,7,5,1,27.41,81.78
762,1216,8,4,2,97,4.82,504.28
763,6011,6,2,3,82,54.61,963.35
764,6537,4,0,6,114,82.42,1177.6
765,3227,4,4,1,0,60.52,1443.98
766,1466,9,9,3,38,46.45,1857.29
767,5767,9,5,2,0,95.86,1239.4
768,7119,4,4,8,145,64.86,1867.35
769,1710,7,2,1,114,56.26,1296.09
770,4781,0,10,5,113,51.43,1670.77
771,4658,9,7,9,50,32.65,919.9
772,2406,5,2,6,70,3.66,1829.01
773,7470,10,8,4,51,52.44,154.47
774,6645,9,8,8,65,95.88,136.74
775,6879,5,9,9,13,37.02,874.38
776,1379,7,2,9,104,76.05,1588.91
777,369,1,10,6,12,2.66,910.16
778,3025,10,8,9,9,51.8,1679.2
779,360,3,3,10,122,87.56,358.78
780,2462,0,4,10,53,15.45,1272.04
781,7515,10,9,9,136,12.13,62.99
782,5656,10,5,5,139,87.34,217.94
783,3620,5,3,8,28,47.39,1374.8
784,2496,2,9,10,136,99.58,702.73
785,833,1,1,9,64,70.57,605.42
786,4624,10,2,6,32,85.72,1441.64
787,3966,1,3,7,150,76.32,799.22
788,1361,7,3,1,140,11.57,1290.53
789,4816,8,8,10,119,68.29,991.61
790,7114,4,3,2,64,80.1,1605.95
791,6179,5,6,9,123,93.42,838.05
792,702,2,9,1,3,96.44,826.32
793,6985,1,7,2,138,8.03,722.48
794,929,4,0,2,5,60.74,204.09
795,4360,9,1,3,22,20.25,127.01
796,7495,1,3,3,138,88.5,1090.79
797,1490,6,10,10,95,2.1,1122.62
798,4644,9,8,10,124,3.81,732.61
799,7162,4,5,8,146,26.31,398.29
800,5439,5,1,6,81,85.84,974.7
801,1557,8,3,6,127,68.83,1674.23
802,6857,5,7,10,77,97.63,1662.0
803,1419,6,2,10,41,86.87,1319.56
804,5341,0,4,7,62,6.0,306.86
805,7501,1,1,1,141,82.09,1742.51
806,6181,9,0,1,27,85.51,1920.17
807,3736,5,4,7,84,75.96,1928.56
808,1886,9,9,3,27,1.91,55.39
809,4565,5,1,3,36,60.16,1131.77
810,3558,9,7,5,122,54.15,278.99
811,916,2,10,4,70,38.98,523.57
812,7344,9,1,10,60,39.31,1098.39
813,797,6,3,3,49,81.4,944.42
814,1041,7,10,8,46,77.23,1185.45
815,2578,3,8,9,7,14.24,1593.16
816,4006,10,10,9,123,78.66,970.05
817,7108,6,2,4,107,75.84,74.16
818,3999,0,9,8,4,94.9,296.91
819,2162,6,2,4,117,88.17,936.36
820,6400,4,6,10,48,55.41,690.24
821,3214,0,5,6,34,1.45,1609.95
822,2523,8,0,2,73,22.49,871.99
823,5810,5,0,7,6,43.02,946.06
824,3265,3,0,5,33,31.97,717.89
825,7026,6,9,1,53,46.01,1639.69
826,1603,2,4,7,78,40.28,747.61
827,1360,9,4,2,77,20.26,1081.26
828,4375,5,6,10,69,24.67,942.56
829,6122,4,7,3,2,51.85,1551.33
830,6621,0,7,1,28,33.87,324.42
831,6204,0,1,4,86,55.05,1445.35
832,7714,4,5,2,128,96.58,1925.0
833,6993,10,0,10,7,13.06,585.82
834,7099,0,10,10,59,78.37,589.93
835,6637,9,7,10,129,42.9,541.1
836,7309,9,4,2,40,12.7,1475.05
837,7802,3,1,6,121,57.95,1719.85
838,1487,2,6,8,55,18.54,453.98
839,6077,3,3,1,149,9.59,1695.97
840,2006,10,4,9,7,27.53,1912.91
841,7914,2,2,1,131,74.23,1829.24
842,7848,1,10,4,35,36.23,495.43
843,1116,1,7,1,58,67.63,1662.61
844,2343,2,3,7,71,93.24,39.5
845,3170,1,4,4,8,13.13,1338.69
846,4841,10,3,6,21,70.34,1473.66
847,1801,6,3,3,122,34.16,938.75
848,4322,3,0,2,70,51.15,990.3
849,4828,9,6,10,117,25.58,1236.36
850,1650,3,8,3,140,6.34,1988.88
851,7882,10,6,2,25,22.22,170.33
852,1667,6,9,8,84,51.94,704.25
853,2472,3,6,5,119,76.01,111.75
854,6353,1,8,4,105,46.77,1527.53
855,5685,1,2,9,61,82.97,1711.39
856,1619,7,5,6,8,75.31,409.28
857,6342,4,3,9,26,69.18,1956.24
858,727,10,10,4,73,29.07,15.86
859,545,4,2,7,81,99.71,1050.27
860,4528,1,10,5,130,64.93,1759.65
861,6496,7,6,2,10,98.95,1675.74
862,4641,0,4,8,91,32.71,980.57
863,5736,7,0,4,1,99.66,256.35
864,2846,1,8,6,56,85.31,1652.18
865,4695,5,10,10,120,47.8,1020.34
866,6516,7,7,10,60,68.99,111.93
867,1385,9,6,5,37,31.18,1967.1
868,5565,9,0,2,1,61.55,955.1
869,3028,4,7,9,15,59.6,1700.4
870,5823,8,4,9,85,68.92,1361.61
871,551,6,6,4,71,56.4,815.03
872,5460,0,8,1,108,99.65,961.39
873,3762,0,0,5,41,13.28,293.03
874,3746,4,0,4,129,12.27,1504.97
875,2035,10,8,2,106,8.46,1541.12
876,5194,1,7,10,47,71.2,1062.0
877,5730,6,9,9,39,73.53,1530.86
878,5948,2,1,5,61,51.2,297.08
879,4042,6,5,5,38,76.13,1571.32
880,1374,0,2,7,92,42.88,1081.12
881,7020,6,6,6,114,72.94,1229.68
882,4546,10,6,7,69,43.31,811.98
883,2337,5,0,2,24,25.29,1277.6
884,3540,6,3,7,37,84.44,1397.13
885,5398,6,9,1,28,89.56,1099.69
886,4181,1,9,4,84,87.61,951.64
887,7960,3,8,2,125,88.31,1792.97
888,4254,1,8,3,22,30.09,1509.27
889,2429,6,8,9,95,21.24,1181.01
890,6088,8,7,6,70,4.18,268.39
891,5670,6,0,7,75,54.1,1356.94
892,616,7,0,5,23,42.99,1834.37
893,969,7,10,3,124,99.51,1133.41
894,5960,0,5,5,12,33.93,1468.37
895,5454,8,8,6,100,0.01,198.63
896,3421,6,10,3,0,23.71,831.13
897,7371,10,4,9,118,13.36,1281.03
898,5213,3,2,8,8,49.05,1174.82
899,2896,8,8,3,147,20.33,750.08
900,5121,1,8,7,56,50.1,788.55
901,4258,6,2,1,50,67.25,1593.34
902,1596,5,3,4,64,29.77,1001.25
903,2056,2,10,5,123,35.53,1524.02
904,2874,0,7,3,55,78.35,1537.95
905,1165,7,2,5,117,85.56,1612.08
906,4203,8,8,8,79,1.83,1330.04
907,5398,3,6,8,107,27.36,1890.55
908,3915,7,2,2,131,91.36,1668.32
909,7458,3,2,6,2,64.5,372.3
910,6517,3,2,2,131,27.15,554.54
911,5898,8,1,6,21,16.94,834.37
912,5828,10,8,9,110,37.35,87.44
913,1240,1,10,8,1,2.78,355.97
914,2182,5,1,2,133,5.29,320.41
915,3401,8,2,9,114,52.41,193.97
916,6084,6,2,6,19,61.48,600.69
917,3286,8,10,3,75,76.26,1166.92
918,4263,1,0,8,80,33.2,1670.09
919,7064,4,9,4,68,70.93,1966.8
920,2422,1,5,9,62,35.08,1251.52
921,2176,9,3,1,67,68.19,1385.23
922,2677,1,8,2,107,1.61,844.74
923,5233,2,4,8,53,79.95,1001.32
924,7507,9,6,4,66,15.45,1069.01
925,3533,2,2,4,97,38.66,1864.33
926,5747,3,8,2,130,77.81,866.96
927,599,1,4,8,92,83.25,1351.39
928,2504,1,6,9,63,58.35,1054.63
929,2048,7,1,10,51,6.05,715.4
930,5801,3,0,3,139,22.94,1737.53
931,4790,6,9,2,79,78.78,345.15
932,6213,5,1,8,90,30.79,1889.81
933,6044,8,4,2,29,42.2,441.12
934,2329,0,3,4,41,4.63,1697.36
935,1876,1,0,1,41,46.77,631.07
936,5435,8,0,4,124,50.15,39.45
937,5594,0,4,8,150,16.08,309.76
938,705,8,8,1,84,10.66,428.63
939,5092,0,9,1,37,83.24,1234.3
940,693,4,10,6,11,9.5,1333.35
941,6845,7,1,1,123,27.31,1706.43
942,1481,0,3,9,112,80.92,47.92
943,4001,5,5,5,126,90.14,113.83
944,577,8,6,8,3,39.44,1347.19
945,1338,0,3,4,108,21.32,306.85
946,6813,5,8,9,70,97.39,1782.37
947,3242,3,7,4,1,30.71,257.37
948,4549,4,6,5,136,24.96,110.12
949,7349,0,5,5,21,93.6,1831.53
950,4240,8,6,3,29,98.25,1889.98
951,3195,7,4,4,40,86.86,550.08
952,4903,5,1,9,88,59.89,313.98
953,1644,1,0,5,80,3.99,1312.27
954,4639,3,8,4,68,79.75,1498.12
955,6149,8,1,10,1,55.72,1314.5
956,1545,0,2,10,111,21.08,1108.99
957,4592,5,8,7,21,38.76,1707.12
958,5701,0,8,6,55,50.56,1582.11
959,3816,1,9,4,92,34.57,345.59
960,6028,9,8,7,18,46.88,1654.1
961,5807,4,8,5,10,67.11,1181.38
962,6574,3,9,6,60,51.11,565.78
963,3767,9,9,5,90,7.46,80.23
964,3018,1,7,8,66,86.33,756.07
965,3003,3,8,9,64,69.43,102.22
966,6011,0,2,8,59,99.44,1895.7
967,4290,10,10,3,98,36.39,1686.77
968,1039,8,5,4,128,89.84,1254.72
969,4616,0,3,6,55,93.49,74.01
970,5547,4,5,5,101,67.45,946.96
971,3737,7,8,1,14,45.11,695.18
972,435,9,8,9,136,97.09,781.11
973,4328,9,9,4,40,34.72,1335.43
974,5310,0,7,8,92,26.53,1996.04
975,5020,7,7,3,120,92.31,1367.63
976,7714,7,0,7,68,84.48,493.45
977,2730,7,2,1,128,2.99,1624.24
978,5063,4,8,3,70,26.85,282.17
979,309,8,5,3,45,1.73,321.53
980,1464,5,9,2,68,16.72,1601.09
981,6364,2,8,2,79,27.66,1867.0
982,4952,0,0,5,43,0.82,1318.55
983,2656,2,5,10,144,17.29,1992.53
984,3958,7,2,3,26,58.41,1501.64
985,3036,3,2,8,34,38.69,1599.54
986,2200,3,9,1,38,67.59,1386.67
987,5518,6,10,1,85,76.52,163.02
988,1051,6,6,6,119,12.61,707.35
989,7207,7,9,7,38,54.52,25.48
990,1544,2,4,1,25,87.76,1769.28
991,7615,7,5,3,21,94.81,213.47
992,5695,4,4,8,2,30.49,1211.64
993,2652,3,5,8,31,84.22,1878.85
994,4284,7,0,10,35,65.48,1171.47
995,4440,4,0,1,62,90.29,1906.44
996,1148,4,1,10,66,73.11,988.32
997,2742,5,8,4,142,15.27,1219.24
998,4342,4,8,10,51,74.36,1121.54
999,1955,5,7,1,0,72.67,1646.08
1000,5460,7,10,10,135,33.58,1127.5
